overlapped_read_114	AGCGCGGCTTAGTGA	TACCAGGAGACTATTTCCAACA	chr8	6456903	6457213
overlapped_read_128	ATACCCATCAACAGGATAT	AAAACTTTCAGTAGCATGAG	chr8	27140035	27140345
overlapped_read_167	CCTCATGGCGGAGTAG	CAGAAGACCCCAGCTATATAA	chr8	49561747	49562057
overlapped_read_379	AGTTGATATTCACATAGAGC	CCTCAGTATCCTCATCT	chr10	123880600	123880910
overlapped_read_494	TATTATACAAAAGGATCTATCTTAT	GTGCCTCAAGATCCT	chr11	120911826	120912136
overlapped_read_499	TGAATTTCCCCATTAATTTATAAT	AGATAAAAAAGCAAATTATTTTTGA	chr11	131285689	131285999
overlapped_read_509	CCTTCGCAGTGTACTGTC	AAGCAAATGGTCTAGGCC	chr9	73095668	73095978
overlapped_read_56	TATCATCCAGGCTAAAAAAATAG	TCTGCTTGGATCACC	chr20	56338367	56338677
overlapped_read_591	CAGCTGTTGAGGGTGG	CCACGCCAACAACCTC	chr12	52520303	52520613
overlapped_read_612	CAAAGAACAATGGCAACAG	TTCTCTTCGCCACCC	chr2	168943442	168943752
overlapped_read_622	CAATTTCACTGAATTGCATTACAG	TCCACTGAGGACACAGAA	chr12	95283305	95283615
overlapped_read_631	CGATCATGCTGAAATG	CTTCTCCTGAAGCTC	chr1	15064814	15065124
overlapped_read_659	GGCCTGGGCAACAAAG	TGTTGTTTAACCTGAATTATGGTTC	chrY	17457348	17457658
overlapped_read_73	GTCTACATGCTTGTTGAGAC	CTCTGGCTTTCCTCTGC	chr7	90335618	90335928
peakno_1006	GCTCAATAGAGTTAGCC	TATGTGAAGAGAGAATAGTTC	chr13	109632751	109633061
peakno_1021	GTCCAAGGGCTCTGAAAAC	GCACTTGAGGATCTGTTCTATTTG	chr6	6749145	6749455
peakno_1122	GTTGCTTGGAATGGTT	TCTCTAGAACCTATTAAATGTC	chr18	7690292	7690602
peakno_1185	GCATTAGAAACTTAACTCTTG	CTCCTTCAAACTCAGATTC	chr10	58718020	58718330
peakno_1372	CATGAATTCTAATATTCGGC	ACTTTTCATTGACTTCTTTG	chr1	81234114	81234424
peakno_1413	CATTGCTGCCTTTTCT	AGAGCATACAAAATGTAGATG	chr12	47186740	47187050
peakno_143	ACTCTAAACACATGTTCAG	TACTCAACAGTAAAATATTTTGC	chr7	80514016	80514326
peakno_2022	TAATTTTTGTGTTTGTAGTAGG	GGTGCAAACAAACCC	chr15	99346898	99347208
peakno_2221	TCGCCCAAGCGTCTG	GTCATCATATTACACCACACAAGAG	chr13	31667189	31667499
peakno_2261	TTTTCTTTCAGGGACAAAG	CCTGGGGAGGAAATG	chr1	100951370	100951680
peakno_2415	AAATATGTAAACTGGCTAAGAC	AAGAGAGATTCCCAAGC	chr3	24181667	24181977
peakno_2570	CAGTCCACCTACCTTGG	CCACGCTGAGGATCTCTA	chr16	16135025	16135335
peakno_2705	AGAACGGAGCTCAAA	TTTCCTTTTGTATATTAATAAAAATCA	chr7	24021422	24021732
peakno_2797	GAAAGCTAATTTTTAGTCTCG	TCACACTAGCCACTTC	chrX	11439979	11440289
peakno_2862	ATCACTATACCGGTAACTTA	AAAAAGATTCCATTTAGAAGC	chr6	144732674	144732984
peakno_2928	GACTTGTGTAACATGGTCTC	CTGACCTACCAATTCAATG	chr8	67626229	67626539
peakno_301	CCCTTTCCCCGCTTT	TTATTAATATAAACTTTTAGAGCCTTTAAGC	chr17	4246286	4246596
peakno_3106	TTGTGACTGCTGCCC	GAGCACCTACTCATTAAAATATTTG	chr10	22944306	22944616
peakno_332	TTAAACCATAGATTTAGTATACTTTC	AAAAAGGTTAGTCTTTACTAGA	chr7	111443429	111443739
peakno_415	CCATATTACTAGTGCATTC	ACCTATTCCTCTCTTAGAG	chr11	130575956	130576266
peakno_434	CTGGGCCAACAGGTTATT	ATGAATAGATATGCATATTATGTGTGC	chr13	77629424	77629734
peakno_528	GGGTCTTTTGTTAAATACAC	CCCTTAAAAATCTGTTTCATTG	chr9	14106778	14107088
peakno_675	AATCTGGCAAGACCTGTAC	AAAAGTAAGCTACTCCTCTCAAC	chr5	36286018	36286328
peakno_768	AAGAATGATAAGAGGTGATCTCTG	CTGAGACCCTCCCCTTC	chr3	66622529	66622839
peakno_789	TTTATAAATGATGTATTTTTGGAAGC	CATGCTCTCAGGGTG	chr17	34148377	34148687
peakno_799	ACTACATTATTGAGTCTTCTC	TGAAGGCCTTAAAAAGAG	chr2	23631249	23631559
